index,sp600,sp100,r^2,beta
295,ADUS,WBA,0.9654695542,1.79774843
151,SLG,MA,0.9562344366,0.343169976
589,PAHC,UNP,0.9463620721,0.1900498179
573,ATNI,UNP,0.9362316549,0.3102242422
569,PBI,KO,0.9323093185,0.2768036522
414,HPP,IBM,0.9321553204,0.1911004544
317,NXGN,UNP,0.9321090901,-0.5184235364
258,CAKE,WBA,0.9305328445,0.5225884013
219,SJW,WBA,0.9298238295,0.8061798518
316,CPRX,WBA,0.9291539658,0.3186926614
530,OIS,XOM,0.9288225091,0.116970418
299,EYE,KO,0.9279496441,1.020493195
432,LPG,KO,0.9269024698,-1.346738351
89,CWT,KO,0.9248176875,1.366293421
195,MGPI,UPS,0.9237716996,0.6831367248
567,HA,WBA,0.9214119577,0.3072144115
442,HCSG,WBA,0.9201476651,0.257680677
202,SXI,WBA,0.9197919743,2.263937518
343,NBR,XOM,0.919334491,2.215899183
594,TSE,UNP,0.9186280413,0.2772318146
496,BJRI,WBA,0.9186065824,0.6810182942
455,APPS,LLY,0.917013533,-0.04020843675
574,SSP,WBA,0.9165872305,0.4525496234
112,IIPR,CRM,0.9130233252,0.6286700811
318,MSEX,COP,0.9121980234,-0.968814502
596,CPSI,WBA,0.9107790251,0.6742481547
381,RPT,MMM,0.910723692,0.2323508747
221,CBRL,WBA,0.9101680808,1.671266732
546,TR,UPS,0.9089502759,0.1878106068
580,FORR,UNP,0.9087832654,0.1667208359
150,CPE,COP,0.9071393392,0.5999279983
189,VSAT,FDX,0.9069079739,0.4866408085
516,CEVA,ACN,0.9047870509,0.1400368619
462,INVA,WBA,0.9035652895,0.1878252113
308,OFG,COF,0.9034531694,0.3230072561
214,SCL,UPS,0.9029374544,0.792017621
514,THRY,WBA,0.898434172,0.7182943094
243,CERT,UPS,0.8984213551,0.1530573031
590,VNDA,COP,0.8964549483,-0.1824056002
249,HLX,XOM,0.8960707525,0.1879754029
563,MCS,WBA,0.8951669934,0.2135594566
513,CHS,UNP,0.8945629827,0.04834007482
582,AAN,UNP,0.8942087491,0.1673155097
72,BANF,UNP,0.8936784565,0.6335892952
591,ANGO,KO,0.8932843207,0.7117829984
363,MD,KO,0.8926918725,0.8112575566
362,FIZZ,WBA,0.8919053169,1.198655433
82,CEIX,XOM,0.8907098981,1.256835288
490,FLGT,KO,0.8907001168,1.354457447
487,SLP,WBA,0.8890836294,0.872989553
593,ENTA,UNP,0.8890634289,0.2613788709
286,KN,LLY,0.8881192739,-0.04679022736
110,OII,XOM,0.8865588868,0.4678795119
136,AX,BLK,0.8858409211,0.08818814393
482,EZPW,UNP,0.8856559289,0.04350646806
433,BHE,GD,0.8856073891,0.2320450589
311,SGH,AAPL,0.8854251184,0.1562836065
359,HRMY,WMT,0.8846278204,0.8607059854
64,AWR,WBA,0.8839755931,0.9041022455
46,CYTK,IBM,0.8834671015,0.5146054238
1,FIX,MA,0.8831008235,0.4264201363
86,WDFC,CVX,0.8823896517,-1.989534406
101,BRC,CVX,0.8816420931,0.8170361236
280,WAFD,COF,0.8813581831,0.4188077176
171,TRN,UNP,0.8811828433,0.1278332737
218,SIX,INTC,0.8808796625,0.5722517337
180,SNEX,UNP,0.8806018308,0.3879433956
238,CENTA,UPS,0.880549875,0.2103225279
376,UNFI,KO,0.8804509947,0.9905562572
293,EAT,WBA,0.8799637027,0.6530766509
182,CRVL,WBA,0.8792524534,3.881264455
500,GDOT,UPS,0.8791359925,0.1333319518
531,HSII,UNP,0.8775097165,0.2059527884
382,MNRO,LLY,0.8772598008,-0.0800503274
44,NOG,COP,0.8758121879,0.3221241729
23,CIVI,COP,0.8754839099,0.7459500751
413,VIR,LLY,0.875112625,-0.04753307245
229,GSHD,MMM,0.8742169001,1.335875551
570,OPI,GD,0.8728865005,0.1736008003
423,HAIN,COP,0.8718890518,-0.2995891616
545,RGP,NKE,0.8710049457,0.1280513024
527,CTKB,WBA,0.8708827731,0.2545042374
256,PLAY,UNP,0.8706512406,0.3410110592
215,SONO,WBA,0.8706373823,0.1236145829
396,ICHR,TMO,0.8699737922,0.1094255532
364,SLCA,XOM,0.8687322204,0.1571064094
562,AVD,CRM,0.8681241128,-0.1222307896
348,IRWD,WBA,0.8680297094,0.202049176
125,FBK,JPM,0.8677827919,0.5660871588
547,TBI,LMT,0.8676021762,0.04337584437
441,LESL,WBA,0.8669138532,0.1934577539
407,KREF,MMM,0.8667888085,0.1306662746
483,USNA,UPS,0.8661504509,0.4499904154
585,EGHT,FDX,0.8659353326,0.06803683551
118,VRRM,IBM,0.8659018141,-0.2601722621
586,RMAX,WBA,0.8657661362,0.471462363
167,URBN,IBM,0.8654654257,-0.4840066812
2,ONTO,T,0.8654531388,35.14557393
554,NFBK,WBA,0.8647254876,0.1446818785
292,MLKN,FDX,0.8640683794,0.1960765155
349,VTLE,CSCO,0.863553786,1.803670441
588,AGTI,WBA,0.863163944,0.4168996405
55,HI,TMO,0.861206275,0.1115391213
192,TNDM,LLY,0.8604387511,-0.1102952561
327,RNST,WBA,0.8603705502,0.4917805607
431,MATV,LLY,0.8601629856,-0.03855007372
57,YELP,NFLX,0.860092542,0.07026652433
549,HAFC,COF,0.858452671,0.2177489192
94,MAC,SPG,0.8583698413,0.1626045653
557,HVT,JPM,0.8577727738,0.5213375909
529,MCW,TMO,0.8575578414,0.02336859284
541,KAMN,GD,0.8575111276,0.2512396707
584,SCVL,NKE,0.8571762492,0.3546573864
339,MRTN,WBA,0.8563275874,0.2654838039
142,KTB,WBA,0.8561169607,0.9312531684
279,TTMI,LMT,0.8559551882,0.05288133841
556,OSPN,AAPL,0.855893258,0.05889246181
428,STBA,COF,0.8557870317,0.3184955679
328,APAM,BLK,0.8557529891,0.06204693981
87,SFBS,FDX,0.8552626661,0.4703874665
401,AVNS,UNP,0.8545220153,0.1339852053
377,FCF,UPS,0.8541304129,0.06287832611
285,ALGT,WBA,0.8536047616,1.923617826
542,XPER,UNP,0.8532525093,0.09013221613
49,OTTR,WBA,0.8527334577,1.604288318
105,HUBG,JPM,0.8525527862,0.6912613589
288,PLAB,GD,0.8514640002,0.371938997
494,JXN,MA,0.8514426463,0.2207184561
31,MMSI,ABT,0.8504685132,1.003208232
176,SFNC,COF,0.849498027,0.1871252584
164,IBTX,UPS,0.8490359361,0.3645777135
298,LUMN,NKE,0.8489514976,0.03127749062
103,KFY,UPS,0.8488752984,0.2531277701
222,DEI,ACN,0.848174384,0.04335666642
325,TRMK,WBA,0.847522667,0.3137866119
5,RMBS,PYPL,0.8471411732,1.165533805
159,RXO,UNP,0.8460966917,0.1075420311
488,TMP,WBA,0.846068047,0.7894787963
471,OFIX,RTX,0.8459849508,0.5548831908
78,PBH,WBA,0.8448573466,0.7032914972
583,UVE,IBM,0.8447263483,-0.2534786759
504,IIIN,BLK,0.8443745184,0.1151054165
133,CVCO,HD,0.8443261817,2.703462932
83,PIPR,VZ,0.8440840693,6.452798657
226,DVAX,LMT,0.8439879845,0.03420553823
88,ANF,IBM,0.8436927711,1.786205232
438,VBTX,UNP,0.8434121436,0.114361949
71,ITRI,UPS,0.8429272145,0.3517991635
566,CENT,UPS,0.8427740987,0.2186437359
534,CLDT,MA,0.8426500444,0.03154756787
565,HCI,IBM,0.8416280161,-0.8499876813
405,WABC,COF,0.841531665,0.4352286305
260,DFIN,VZ,0.8412793111,1.53123224
458,DDD,UPS,0.8398868337,0.100191906
415,AVID,UNP,0.8389149502,-0.01441098839
68,OI,TMO,0.8387194125,0.02871147835
373,AVTA,RTX,0.8387187212,-0.4396419797
595,ANIK,XOM,0.8386223749,-0.1952317923
346,SCHL,UNP,0.8385120424,0.2393167084
385,SHEN,UNP,0.83808246,0.1523596096
383,NBHC,COF,0.8379869395,0.3494628276
305,ALEX,GD,0.8376393671,0.1084653917
420,RGR,WBA,0.8372343016,0.4917386372
281,VSCO,NKE,0.8365434683,0.4206828562
465,SPTN,IBM,0.8361688454,-0.3054668399
361,NWBI,COF,0.836147212,0.126825079
60,MATX,JPM,0.8341917277,1.219946966
506,IVR,VZ,0.834053268,0.3712627329
461,FDP,WBA,0.833821631,0.2502840161
213,HBI,FDX,0.8335933734,0.05481822541
561,ONL,JPM,0.8330888044,0.133700056
576,MODV,KO,0.8329592558,4.196909128
92,FORM,VZ,0.832697449,2.3595673
269,OXM,UPS,0.8326536513,0.6389710995
10,SM,CSCO,0.832478731,0.807270979
4,ACLS,PYPL,0.8324388315,6.108959402
457,CDMO,LLY,0.8314432927,-0.03567779527
28,FUL,DHR,0.8313491347,0.2402768339
507,UHT,UNP,0.8313081382,0.1564264662
497,MLAB,GD,0.831027245,1.720564469
264,TWO,MA,0.8307228068,0.03464733066
366,MEI,LLY,0.8304856495,-0.2139610984
479,CFFN,EMR,0.8304031967,-0.1585226164
141,CBU,WBA,0.8302574404,0.6487121606
528,DXPE,MA,0.8295099744,0.1005634602
315,MATW,UPS,0.829303121,0.2882047671
282,XPEL,CVX,0.828734279,-1.093719192
374,DRQ,XOM,0.8282038488,0.276079051
397,PFS,UPS,0.8281460501,0.07344514527
122,IPAR,DHR,0.8274886595,0.5585907861
32,TWNK,TSLA,0.8269966733,0.2110716583
3,SPSC,NVDA,0.8263113421,0.2541407846
525,CRMT,UPS,0.8254772071,1.49888712
17,AEIS,GD,0.8251776056,1.330480174
261,USPH,UPS,0.82426401,0.7064282858
179,MTX,TMO,0.8239160723,0.1354543362
448,SBSI,COF,0.8238934744,0.3407895826
79,SEM,GD,0.8222992177,0.2597694468
313,PAYO,MA,0.8202652852,0.02334768286
77,AVAV,BMY,0.8200979414,-9.499638931
341,NBTB,COF,0.8193579525,0.4803444174
350,HOPE,COF,0.8189235333,0.08797054172
434,BDN,T,0.8185317265,0.5490725153
392,PDFS,TMO,0.8184958648,0.08072801752
119,UCBI,UNP,0.8183204802,0.1431897984
97,FTDR,SBUX,0.816308731,0.3778296484
447,BRKL,COF,0.8154420866,0.1135766063
597,FF,UNP,0.8140289434,0.05030056175
247,PCRX,XOM,0.8135249012,-0.3937391683
168,AMPH,UPS,0.8123940963,0.482295356
65,PRK,JPM,0.8122676767,1.170299771
322,BANR,USB,0.8119100645,1.058040169
550,BLFS,CRM,0.8114282371,0.1361558361
58,LCII,GD,0.8109913547,0.9769356434
185,SKYW,MMM,0.8099713636,0.4320775997
0,ELF,CAT,0.8097373599,1.408006774
493,INN,MMM,0.808584133,0.03388174307
154,KW,INTC,0.8085471244,0.1394999235
357,NYMT,VZ,0.8081098103,0.3352626114
424,BGS,UPS,0.8071428502,0.1093954968
36,LTHM,LMT,0.8065906386,0.04346154966
486,VTOL,COF,0.8064761833,0.2810118203
138,HCC,XOM,0.8063738795,0.3881773292
579,CHRS,T,0.8057987961,1.054813781
113,SHAK,WBA,0.8053897572,1.372447478
548,TRST,FDX,0.8048763042,0.1109400796
417,ASIX,FDX,0.8046951036,0.299874342
268,PMT,VZ,0.8046551676,0.3795535442
84,AIN,LMT,0.8025939846,0.2096500916
225,AUB,COF,0.802361386,0.3156103367
29,AGO,AIG,0.8017798984,1.108649471
410,AXL,MMM,0.8014342684,0.05790847029
59,CRS,V,0.8013754067,0.6713928947
510,SPWR,JPM,0.800853981,0.1511586517
306,SVC,UPS,0.8008068304,0.03895453733
312,XNCR,UNP,0.8005973445,0.1158198573
187,B,GD,0.8005124406,0.2476113459
578,GMED,LLY,0.8003855292,-0.1031328202
21,MLI,GD,0.8003631323,0.4917282513
80,KLIC,TMO,0.7990866092,0.08251355024
429,MED,WBA,0.7990704153,1.082755358
265,UCTT,GD,0.7981860733,0.4164380067
246,ARI,VZ,0.7979069505,0.3789430204
587,CNSL,LMT,0.7976794296,0.01210760108
495,MYE,UPS,0.7967857588,0.09259635872
158,FBP,COF,0.796586615,0.1357222652
100,PLXS,GD,0.7965844716,0.9761083716
538,HFWA,COF,0.7962503337,0.1712097747
109,ABCB,COF,0.795744774,0.4164832501
42,AEL,MA,0.7956761848,0.03384995717
314,AMEH,UNP,0.7954537009,0.4584523252
321,GRBK,FDX,0.7951016333,0.5344315224
98,ESE,PM,0.7947721837,2.02991004
337,DGII,VZ,0.7938453473,1.220644223
351,EFC,MO,0.7930891216,0.2598558856
263,FBRT,MA,0.7917972592,0.03729934218
398,CMP,COF,0.7911337877,0.3719189311
394,FBNC,FDX,0.789520038,0.2389159691
121,REZI,TMO,0.7892519886,0.0238588325
355,NUS,UPS,0.7886760973,0.1174999765
165,WSFS,COF,0.7886572651,0.5172902925
24,COOP,UPS,0.788501551,0.2215695999
592,AMCX,UNP,0.7883165708,0.09356166325
411,SAFT,UNP,0.7871292494,0.2109326752
210,RDNT,TMO,0.7870946078,0.09089674841
303,AMWD,CAT,0.7859472112,0.4580291137
532,CVGW,LLY,0.7855644651,-0.1417148393
6,AIT,V,0.7853100043,1.096725249
571,QURE,CVX,0.7847852731,-0.1285424937
309,PLMR,AMGN,0.7840901315,0.337364523
156,SITM,TXN,0.7838335641,3.110596336
163,RAMP,TMO,0.7832618923,0.05393053594
104,MHO,HD,0.783216102,0.731912452
25,CRC,XOM,0.7831255805,0.2194534698
95,ITGR,FDX,0.782996643,0.5814205969
393,CSR,VZ,0.7826508803,1.859737861
190,THRM,UNP,0.7825202512,0.2943218101
422,MCY,JPM,0.7820495688,0.3251414818
253,JBGS,ADBE,0.7813177606,0.02877924471
26,AAP,LLY,0.7791540741,-0.187565187
451,ANIP,NVDA,0.7777488456,0.06565780476
386,LKFN,JNJ,0.7756063016,0.3509102551
53,SANM,GD,0.775454259,0.3243316126
399,RILY,SBUX,0.7753529406,1.320641689
232,FFBC,COF,0.77514557,0.1706316023
524,TWI,DHR,0.7748937367,0.06049693897
481,ETD,COF,0.7748571396,0.2823261189
237,DISH,CSCO,0.7747608797,-0.3231140033
143,PRFT,NVDA,0.7737335916,0.0695496287
63,MSGS,C,0.773201775,12.48363495
300,ECPG,COF,0.7728139342,0.3854092582
85,SMPL,CMCSA,0.7719178444,1.564431474
581,NTGR,UNP,0.7715680764,0.09695867469
324,SLVM,V,0.7714589482,0.319386277
184,WGO,GD,0.7713123268,0.395154483
91,GMS,UPS,0.7708717905,0.5009272946
460,BHLB,FDX,0.7707403364,0.1342265738
296,GBX,UNP,0.7701558823,0.3130461952
196,PPBI,COF,0.770008175,0.2117833439
240,JACK,RTX,0.769972398,0.6315574441
244,SMTC,TMO,0.7699018986,0.05947998328
173,CPK,ABT,0.7679068735,0.9674066141
102,BOOT,WBA,0.7672067663,1.145396781
188,BOH,GD,0.7654536486,0.5092681793
76,HTH,UPS,0.7632097732,0.110933149
307,XHR,CAT,0.7622593188,0.05571043784
379,BKE,UPS,0.7613438996,0.1974782047
135,CVBF,USB,0.7612364634,0.4816892909
16,HP,LLY,0.7608571915,0.08515242536
291,ELME,CVX,0.7597323521,-0.05343423678
453,HOUS,PFE,0.7577420529,-0.398404682
69,ABM,LLY,0.7574124799,-0.1485977977
560,LQDT,ABT,0.7574022376,0.3055287608
517,CNXN,UNP,0.757251465,-0.1595308251
183,TDS,DHR,0.7571003204,0.1844686714
338,ASTE,GD,0.7567797171,0.4987048529
52,DV,LMT,0.7553547118,0.07044250809
535,BANC,SCHW,0.7540705454,0.2053976531
73,CORT,MA,0.7524965492,0.0905043065
211,COHU,DHR,0.7524404195,0.1116177895
161,RC,V,0.7520651494,0.04837181985
395,SBH,SBUX,0.7517371201,0.2172633941
416,NX,BK,0.7513215068,1.439058478
140,IDCC,TMO,0.7501739258,0.1230008425
204,LRN,WBA,0.7494544271,-0.6346157446
117,LGIH,HD,0.7493296879,1.266454505
544,DBI,AIG,0.7483020959,0.7960115897
20,AAON,CAT,0.7479035974,0.3489621513
354,UFPT,NVDA,0.7474987499,0.232342688
449,MMI,SBUX,0.7450744726,0.3372328284
129,DORM,NKE,0.7450612482,0.5887491801
555,JRVR,JPM,0.7450586819,0.2277834161
459,SCSC,NVDA,0.7432917206,0.07966309105
301,WKC,F,0.7426192671,1.630697081
378,SSTK,BA,0.7419746888,0.1365916503
380,IRBT,TMO,0.7417949965,0.0664630785
384,ADEA,UNP,0.7413615651,0.04212825376
421,MCRI,GD,0.7409473805,0.322593791
553,OSUR,CVX,0.73963333,-0.0820282677
19,BCPC,GD,0.7388990036,0.9496304415
454,GDEN,COF,0.7380559144,0.4226829946
533,CCSI,LLY,0.7378542007,-0.1089670181
333,RWT,DHR,0.737574222,0.0197850055
134,FCPT,CMCSA,0.737453437,0.3191167123
446,SAFE,GD,0.7374340325,0.1824878658
27,ASO,NKE,0.7373685095,0.7867884472
558,CLFD,WBA,0.7372269416,0.9236566075
334,AZZ,PM,0.735533686,0.9703974327
369,EMBC,FDX,0.7353328344,0.2205509503
284,NWN,ACN,0.7339362039,-0.07045726614
519,SNBR,SPG,0.7339111976,0.6552870909
297,CTS,GD,0.7336470702,0.3505927275
127,KWR,VZ,0.7328422758,5.467203853
114,SITC,AIG,0.7327294108,0.271927238
197,PLUS,VZ,0.7310248714,1.768018741
201,ROIC,COST,0.7292447523,0.02828596793
476,PRA,SCHW,0.729026953,0.1883103789
356,CRK,COP,0.7276832871,0.09796240904
90,NPO,TMO,0.7273494374,0.2377060754
508,CHUY,CVX,0.727221144,-0.2595019796
67,EVTC,UPS,0.7269924755,0.1216703747
39,FSS,CMCSA,0.7269255855,1.739959675
283,MYGN,GD,0.7263156287,0.1892020925
266,AKR,AIG,0.7254401594,0.334178137
335,PACW,BK,0.725197708,0.2771797368
503,TILE,TXN,0.7244086922,0.1496511322
491,HZO,UPS,0.7234652016,0.166948239
169,CTRE,LIN,0.7212419813,0.04490997412
120,SHOO,UPS,0.7207717623,0.1321655316
267,EXPI,CSCO,0.7200145743,-0.6873026303
111,JJSF,COST,0.7199041691,0.283690957
342,HWKN,ACN,0.7198370087,0.2325952674
387,SPNT,PM,0.7198304037,0.2409278089
439,TMST,FDX,0.7195864931,0.1520024525
62,CCOI,FDX,0.7185289032,0.2642643348
148,KMT,GD,0.7174445872,0.1203871798
473,GES,IBM,0.717352788,0.688476627
124,ABR,CAT,0.716812416,0.06559824614
162,OSIS,NVDA,0.7160997651,0.3370127335
70,ALRM,LIN,0.7150066937,0.1439899965
467,DCOM,FDX,0.7129281817,0.121998955
273,MC,LIN,0.7123463802,0.261416068
427,DIN,UPS,0.7105820712,0.1801340383
234,VRTS,BLK,0.7105023767,0.2988717655
425,AHCO,WBA,0.7103072237,0.3329515414
228,PATK,TMO,0.7101436533,0.1457053417
30,FHB,LMT,0.707171893,0.03013356689
480,PRLB,TMO,0.7068720569,0.04083931371
330,CXW,DHR,0.7065216209,0.03314718923
178,GFF,HD,0.7061568282,0.2533734733
191,NEO,AAPL,0.7061064954,0.08234013037
8,FN,ABBV,0.7054474853,-7.00444712
437,SAH,CSCO,0.7042936644,0.6839107555
537,QNST,FDX,0.7041011131,0.08385097335
262,STEL,JNJ,0.7040859956,0.07531361249
575,EBIX,VZ,0.7039539773,1.002048642
13,ABG,VZ,0.7034090237,5.307576777
170,ATGE,LOW,0.7026338725,0.1679570204
484,CRSR,CAT,0.701095388,0.06825059076
50,IBP,FDX,0.700332268,1.25865671
463,VREX,UPS,0.6986869434,0.0840288167
539,HSTM,FDX,0.6982351428,0.06207497904
323,RCUS,NKE,0.6966549303,-0.4808132927
468,GIII,AIG,0.6963448108,1.736002072
403,CHEF,AMGN,0.6962670261,0.1021018047
418,NABL,CAT,0.6937643538,0.02489549977
54,AEO,VZ,0.6935094677,0.7257699445
48,SIG,SPG,0.6933211118,1.173508037
224,KAR,CSCO,0.6932651944,0.1981556968
137,VIAV,TMO,0.6925806177,0.01469159391
75,TPH,HD,0.6898383452,0.2523293817
153,UE,CAT,0.6895188285,0.08295802101
139,ROCK,DHR,0.6894643547,0.2334365764
233,VSTO,JPM,0.6864542986,0.2799722723
452,UTL,FDX,0.6855535966,0.2123996566
146,MTRN,TMO,0.6848284734,0.150767015
241,VCEL,RTX,0.6847998011,-0.2959256419
107,SKT,ABBV,0.6838675296,0.2241140539
326,CLB,CVX,0.6836476214,0.1931233452
199,NGVT,TMO,0.6821377396,0.09863591543
388,CUBI,COF,0.6819099939,0.3291020013
536,TTEC,GD,0.6817658593,0.2128130639
523,WSR,HD,0.6807914671,0.04528614625
181,EPC,LIN,0.6802192981,0.1256149939
352,TRUP,TMO,0.6796980934,0.04460878671
552,MOV,SPG,0.6774994762,0.296451104
331,DEA,COF,0.6774294998,0.1508423291
147,GNW,JPM,0.6766897509,0.04612075012
474,AOSL,BA,0.675463387,0.1147844748
470,SMP,TMO,0.6743655164,0.05468366555
9,ENSG,GD,0.6731285646,0.5737979267
419,DLX,SBUX,0.6728404139,0.2164578916
409,BFH,FDX,0.6726977227,0.1436581521
186,SDGR,TXN,0.6714407641,0.5629740962
43,AMN,UPS,0.671349374,0.2648187329
37,ACA,CMCSA,0.6695327702,1.472093061
251,UPBD,CAT,0.6685805707,0.113947721
440,CHCT,PG,0.667548775,0.4171341122
302,LNN,SBUX,0.66559559,1.080656994
289,LZB,SPG,0.6648781239,0.298725388
518,CLW,TMO,0.664120287,0.06309948609
47,EXTR,WBA,0.6636993318,0.6885204334
408,ARLO,COST,0.6636240696,0.0291276287
304,UNIT,QCOM,0.6603009799,0.06656557483
278,VGR,PM,0.6591941996,0.182936092
391,CRNC,GD,0.6583035638,0.2744509445
332,DNOW,COP,0.6571801553,0.06011354406
15,NSIT,AVGO,0.6566833659,0.1320510294
598,ZYXI,NEE,0.6564514783,0.4270530499
108,PRGS,TMO,0.6561526702,0.0761151687
66,WIRE,META,0.6552349792,0.3692222243
239,ODP,TMO,0.653443024,0.04616592136
478,AMBC,JNJ,0.6529317381,0.04906047218
271,TNC,UPS,0.652634964,0.3665720513
198,FWRD,V,0.6516815396,0.7984286651
250,MBC,GD,0.6498462483,0.07421911409
511,ADTN,AAPL,0.6496537333,0.03270720687
145,JOE,CMCSA,0.649093641,1.34895562
358,APOG,GD,0.6487698923,0.1922217249
368,WNC,TMO,0.6466391439,0.02630800124
230,CARG,NFLX,0.646026917,0.01323406633
372,LMAT,PM,0.6430256934,0.8871869633
287,LTC,PG,0.6408965093,0.3400010583
99,UNF,VZ,0.6399458546,3.017678849
7,ATI,CSCO,0.6397432099,0.472609518
116,PRVA,AMT,0.6397151082,0.2163523677
93,MDC,FDX,0.6361921495,0.2852979814
175,SHO,GS,0.6343667745,0.02819772783
106,ROG,TMO,0.6343350849,0.2398021835
375,LGND,WBA,0.6335968991,0.5340906911
564,CPF,LMT,0.6299984363,0.02214921706
242,GPRE,RTX,0.6297782323,-0.2340077229
81,DY,NVDA,0.6282312284,0.1001215145
255,HNI,HD,0.627824154,0.1789107499
502,EGBN,COF,0.6277575281,0.2015376619
406,ATEN,SBUX,0.6261636229,0.1321682945
389,STC,BK,0.6221571705,0.9874900618
426,CCRN,TMO,0.6210369357,0.03717145522
270,VRE,TMO,0.6208924743,0.0165003548
464,WT,CSCO,0.6206427294,0.09003453417
367,CASH,ACN,0.6197309642,0.07433883304
472,POWL,LIN,0.6165790774,0.4622252388
207,PRG,GILD,0.6156546623,0.5720075937
177,NTCT,PM,0.6149756458,0.2316265911
568,CENX,DIS,0.6144356292,0.1059983986
489,RES,XOM,0.6140496492,0.03342256044
200,GVA,FDX,0.6138409791,0.1711479561
469,WWW,KHC,0.6133891303,-0.4855819619
115,ARCB,TXN,0.6109818566,1.195289649
492,EHAB,NVDA,0.6101880882,0.01959246508
144,MRCY,COST,0.6099590671,-0.1518556711
522,SNCY,COST,0.6097234564,0.03298770008
12,BMI,PG,0.6097121402,2.326587935
436,RDN,PG,0.6090077485,0.2627851093
203,DRH,F,0.6072606099,0.7650965865
485,HTLD,AMGN,0.606422021,0.03759756509
551,CYH,FDX,0.6062771635,0.02709672569
245,BKU,COF,0.6057449911,0.2826574614
208,SBCF,DOW,0.6056651306,0.6363678531
340,AAT,GD,0.6030345367,0.09014472856
499,AORT,GD,0.60299336,0.1791883964
521,REX,EMR,0.6021670311,0.9719670944
155,PARR,FDX,0.6019394427,-0.1437867651
216,ENVA,UNP,0.6017859947,0.1320253573
543,ZEUS,DHR,0.6012050847,0.2479950178
51,CNMD,SBUX,0.5995220641,1.011856995
347,UVV,CVX,0.5980471573,-0.1475653642
38,FELE,TMO,0.596543872,0.1127287731
275,AGYS,AMD,0.5950484991,0.3575320659
131,AVA,GS,0.5936518175,0.0956562013
559,UFCS,LMT,0.5936385711,0.0344811058
390,BSIG,COST,0.5931001918,-0.04578587803
443,AHH,PEP,0.5928190837,0.04619272917
252,PGTI,CMCSA,0.590679751,0.7221232194
371,CWK,FDX,0.5903670282,0.03628116803
35,GKOS,TSLA,0.5900623611,0.07903238539
11,MTH,HD,0.5898907722,0.931427159
149,INDB,NKE,0.5896690826,0.2540155216
157,NAVI,QCOM,0.5860169006,0.07441794368
540,BFS,GS,0.5857993688,0.09483629272
477,RGNX,BA,0.5857442112,0.04028389878
235,OUT,GD,0.5856827208,0.09120852151
290,AMSF,NKE,0.5848201437,0.1666834965
34,DIOD,LMT,0.583165015,0.10442672
223,SUPN,TXN,0.5821369821,0.2546026441
319,NVEE,TXN,0.5814729333,0.7400728022
294,OMI,HD,0.5809275724,0.241387584
128,THS,BAC,0.5807192736,1.942880855
40,EPRT,T,0.5800497312,0.5860418699
505,TGI,CVS,0.5764728162,-0.1187212993
174,PSMT,PM,0.5762080655,1.597211264
18,PECO,COST,0.5751877792,0.04619875395
130,MYRG,ABT,0.5742597706,1.448613497
445,GOGO,NVDA,0.5732492518,-0.01924310189
509,VVI,FDX,0.5707428354,0.1433504614
515,WRLD,USB,0.5705544168,4.392486493
33,GPI,SCHW,0.5687256261,2.215363521
274,FULT,DHR,0.5674049861,0.03344638056
217,SABR,RTX,0.5673839764,0.04712591967
572,MERC,TMO,0.5663907418,0.01910556578
259,EPAC,CHTR,0.5633808069,0.04122762381
329,ARR,MO,0.5614034006,0.109154243
236,TBBK,CAT,0.5580024548,0.1014240113
227,AROC,DHR,0.5578129031,0.01960615115
14,PTEN,AIG,0.5566531146,0.4118291902
248,ANDE,TMO,0.5496675799,0.04841592586
152,DAN,SBUX,0.5450028692,0.1267274796
276,GTY,CL,0.5438182017,0.292452661
22,BCC,GD,0.5407448326,0.5824212814
365,CVI,CVX,0.5401569969,0.3222331758
444,EIG,SCHW,0.5358236372,0.2356377803
205,PEB,COST,0.5346694325,0.02320549446
61,NMIH,AMT,0.5339774912,0.09840210011
277,MDRX,GD,0.5304962201,0.09144762881
45,JBT,HON,0.5299622018,0.7275312648
231,CSGS,CMCSA,0.5284155464,0.7833419433
56,WD,SBUX,0.5261132943,0.6595473915
466,SXC,QCOM,0.523372381,0.04345008
209,MXL,KHC,0.5223214885,-0.9811729761
172,AIR,GD,0.5176754417,0.3233857409
520,HIBB,BK,0.5157014915,2.649430738
456,KOP,NKE,0.5156705502,0.1602126852
257,WLY,MRK,0.5104845784,0.3909135926
160,CCS,PG,0.507522254,1.364025167
272,TFIN,COST,0.5074944811,0.09459430855
345,CIR,IBM,0.5039344977,-0.0134813005
320,CHCO,COF,0.5029740046,0.30908443
193,CNK,MA,0.5024130522,-0.05797940782
501,KELYA,NVDA,0.502027026,0.01017190346
206,CALM,ABT,0.5010092947,-0.2997218886
194,TALO,CAT,0.4954333867,0.03463567542
430,JBSS,GM,0.4929061535,-4.660604752
344,KALU,MS,0.4927974256,1.0603778
360,PRDO,MET,0.4864178734,0.2576627368
370,CAL,BK,0.4862029671,1.604380167
96,IOSP,PM,0.481068172,1.331883099
74,LXP,NVDA,0.4783208306,0.004391898745
123,BLMN,NVDA,0.4763407656,0.0236806811
254,VECO,AMD,0.4762879041,0.1713049205
336,CARS,WBA,0.4701751666,0.1020645585
400,GEO,AMD,0.4632367501,0.03023715297
220,STRA,SPG,0.4629248502,-0.6922604996
450,NXRT,TMO,0.4520760948,0.03221603471
475,TTGT,TMO,0.4500501713,-0.04208220555
526,NVRI,AAPL,0.4479942132,0.01351915376
512,PFBC,COF,0.4420949386,0.2159639097
353,HLIT,GD,0.4405407848,0.05145525645
310,PHIN,ORCL,0.4386445892,0.1189783188
404,HMN,MO,0.4356979081,0.3087389734
41,SPXC,SO,0.4267828771,0.913970696
402,PUMP,TMO,0.4221860014,-0.009828071818
212,ALG,DHR,0.4185152525,0.2487079866
577,ITOS,NKE,0.4147623556,-0.2478202293
166,STAA,EXC,0.3742500565,1.995207691
126,FTRE,PM,0.352645818,0.4002927646
132,VRTV,HD,0.2493205077,0.03815617074
498,HAYN,EXC,0.2386190707,1.023287249
435,COLL,BK,0.1695130082,-0.1554446412
412,PRAA,AMZN,0.1516707367,0.05518370226